2026-04-23T10:11:12.046Z,ORDER-SERVICE,ORDER_PRODUCED,69e9f03fdff4cd1f01a0d089,undefined
2026-04-23T10:11:38.333Z,ORDER-SERVICE,PAYMENT_SYNCED,69e9f03fdff4cd1f01a0d089,SUCCESS
2026-04-23T10:12:26.038Z,ORDER-SERVICE,ORDER_PRODUCED,69e9f089dff4cd1f01a0d09a,undefined
2026-04-23T10:12:51.810Z,ORDER-SERVICE,PAYMENT_SYNCED,69e9f089dff4cd1f01a0d09a,SUCCESS
2026-04-23T10:19:47.116Z,ORDER-SERVICE,ORDER_PRODUCED,69e9f2427bbdacad554e7af4,SUCCESS
2026-04-23T10:20:16.054Z,ORDER-SERVICE,PAYMENT_SYNCED,69e9f2427bbdacad554e7af4,SUCCESS
2026-04-24T02:26:53.648Z,ORDER-SERVICE,ORDER_PRODUCED,69ead4edd8bafa146a26a70c,SUCCESS
2026-04-24T02:27:20.382Z,ORDER-SERVICE,PAYMENT_SYNCED,69ead4edd8bafa146a26a70c,SUCCESS
2026-04-24T04:04:02.881Z,ORDER-SERVICE,ORDER_PRODUCED,69eaebb211fb1dd706c06fd3,SUCCESS
2026-04-24T04:04:29.356Z,ORDER-SERVICE,PAYMENT_SYNCED,69eaebb211fb1dd706c06fd3,SUCCESS
2026-04-24T04:05:51.423Z,ORDER-SERVICE,ORDER_PRODUCED,69eaec1f11fb1dd706c06fec,SUCCESS
2026-04-24T04:06:17.828Z,ORDER-SERVICE,PAYMENT_SYNCED,69eaec1f11fb1dd706c06fec,SUCCESS
2026-04-24T04:10:59.564Z,ORDER-SERVICE,ORDER_PRODUCED,69eaed537a5113551b03f94b,SUCCESS
2026-04-24T04:11:27.061Z,ORDER-SERVICE,PAYMENT_SYNCED,69eaed537a5113551b03f94b,SUCCESS
2026-04-24T04:20:36.003Z,ORDER-SERVICE,ORDER_PRODUCED,69eaef9365bbd8e1186f1735,SUCCESS
2026-04-24T04:21:04.689Z,ORDER-SERVICE,PAYMENT_SYNCED,69eaef9365bbd8e1186f1735,SUCCESS
2026-04-24T04:27:59.601Z,ORDER-SERVICE,ORDER_PRODUCED,69eaf14fa64bc85597d96f8e,SUCCESS
2026-04-24T04:28:36.137Z,ORDER-SERVICE,PAYMENT_SYNCED,69eaf14fa64bc85597d96f8e,SUCCESS
2026-04-24T04:34:54.124Z,ORDER-SERVICE,ORDER_PRODUCED,69eaf2eedb8b44b3dd9e6738,SUCCESS
2026-04-24T04:35:22.771Z,ORDER-SERVICE,PAYMENT_SYNCED,69eaf2eedb8b44b3dd9e6738,SUCCESS
2026-04-24T04:45:52.489Z,ORDER-SERVICE,ORDER_PRODUCED,69eaf5809a888d5212202748,SUCCESS
2026-04-24T04:46:18.451Z,ORDER-SERVICE,PAYMENT_SYNCED,69eaf5809a888d5212202748,SUCCESS
2026-04-24T04:49:17.622Z,ORDER-SERVICE,ORDER_PRODUCED,69eaf64d120283789dc7cf5d,SUCCESS
2026-04-24T04:49:44.528Z,ORDER-SERVICE,PAYMENT_SYNCED,69eaf64d120283789dc7cf5d,SUCCESS
2026-04-24T05:02:01.529Z,ORDER-SERVICE,ORDER_PRODUCED,69eaf949071732d35ac67897,SUCCESS
2026-04-24T05:02:28.353Z,ORDER-SERVICE,PAYMENT_SYNCED,69eaf949071732d35ac67897,SUCCESS
2026-04-24T05:11:11.313Z,ORDER-SERVICE,ORDER_PRODUCED,69eafb6f2a090a6f5d5ea2ee,SUCCESS
2026-04-24T05:11:36.937Z,ORDER-SERVICE,PAYMENT_SYNCED,69eafb6f2a090a6f5d5ea2ee,SUCCESS
2026-04-24T05:23:33.239Z,ORDER-SERVICE,ORDER_PRODUCED,69eafe55a7c90500fe20f9fb,SUCCESS
2026-04-24T05:24:00.040Z,ORDER-SERVICE,PAYMENT_SYNCED,69eafe55a7c90500fe20f9fb,SUCCESS
2026-04-24T06:01:48.174Z,ORDER-SERVICE,ORDER_PRODUCED,69eb074c12dbab709009ef1a,SUCCESS
2026-04-24T06:02:19.336Z,ORDER-SERVICE,PAYMENT_SYNCED,69eb074c12dbab709009ef1a,SUCCESS
2026-04-24T06:04:29.006Z,ORDER-SERVICE,ORDER_PRODUCED,69eb07ec12dbab709009ef49,SUCCESS
2026-04-24T06:04:53.885Z,ORDER-SERVICE,PAYMENT_SYNCED,69eb07ec12dbab709009ef49,SUCCESS
2026-04-24T06:19:09.882Z,ORDER-SERVICE,ORDER_PRODUCED,69eb0b5d14558b34a7c7a586,SUCCESS
2026-04-24T06:19:34.847Z,ORDER-SERVICE,PAYMENT_SYNCED,69eb0b5d14558b34a7c7a586,SUCCESS
2026-04-24T06:23:54.545Z,ORDER-SERVICE,ORDER_PRODUCED,69eb0c7a14558b34a7c7a5b9,SUCCESS
2026-04-24T06:24:20.849Z,ORDER-SERVICE,PAYMENT_SYNCED,69eb0c7a14558b34a7c7a5b9,SUCCESS
2026-04-24T06:39:15.265Z,ORDER-SERVICE,ORDER_PRODUCED,69eb1012b0a0657b30dc70ae,SUCCESS
2026-04-24T06:39:41.400Z,ORDER-SERVICE,PAYMENT_SYNCED,69eb1012b0a0657b30dc70ae,SUCCESS
2026-04-24T06:42:29.670Z,ORDER-SERVICE,ORDER_PRODUCED,69eb10d5b0a0657b30dc70e5,SUCCESS
2026-04-24T06:42:56.881Z,ORDER-SERVICE,PAYMENT_SYNCED,69eb10d5b0a0657b30dc70e5,SUCCESS
2026-04-24T06:47:27.665Z,ORDER-SERVICE,ORDER_PRODUCED,69eb11ff54c68d391f2d86b0,SUCCESS
2026-04-24T06:47:52.119Z,ORDER-SERVICE,PAYMENT_SYNCED,69eb11ff54c68d391f2d86b0,SUCCESS
