2026-04-24T02:26:53.661Z,INVENTORY-SERVICE,ORDER_RECEIVED,69ead4edd8bafa146a26a70c,SUCCESS
2026-04-24T02:26:53.817Z,INVENTORY-SERVICE,STOCK_UPDATED,69ead4edd8bafa146a26a70c,SUCCESS
2026-04-24T04:04:02.895Z,INVENTORY-SERVICE,ORDER_RECEIVED,69eaebb211fb1dd706c06fd3,SUCCESS
2026-04-24T04:04:02.998Z,INVENTORY-SERVICE,STOCK_UPDATED,69eaebb211fb1dd706c06fd3,SUCCESS
2026-04-24T04:05:51.454Z,INVENTORY-SERVICE,ORDER_RECEIVED,69eaec1f11fb1dd706c06fec,SUCCESS
2026-04-24T04:05:51.493Z,INVENTORY-SERVICE,STOCK_UPDATED,69eaec1f11fb1dd706c06fec,SUCCESS
2026-04-24T04:10:59.591Z,INVENTORY-SERVICE,ORDER_RECEIVED,69eaed537a5113551b03f94b,SUCCESS
2026-04-24T04:10:59.696Z,INVENTORY-SERVICE,STOCK_UPDATED,69eaed537a5113551b03f94b,SUCCESS
2026-04-24T04:27:59.651Z,INVENTORY-SERVICE,ORDER_RECEIVED,69eaf14fa64bc85597d96f8e,SUCCESS
2026-04-24T04:27:59.747Z,INVENTORY-SERVICE,STOCK_UPDATED,69eaf14fa64bc85597d96f8e,SUCCESS
2026-04-24T04:34:54.139Z,INVENTORY-SERVICE,ORDER_RECEIVED,69eaf2eedb8b44b3dd9e6738,SUCCESS
2026-04-24T04:34:54.223Z,INVENTORY-SERVICE,STOCK_UPDATED,69eaf2eedb8b44b3dd9e6738,SUCCESS
2026-04-24T04:45:52.579Z,INVENTORY-SERVICE,ORDER_RECEIVED,69eaf5809a888d5212202748,SUCCESS
2026-04-24T04:49:17.682Z,INVENTORY-SERVICE,ORDER_RECEIVED,69eaf64d120283789dc7cf5d,SUCCESS
2026-04-24T04:49:18.014Z,INVENTORY-SERVICE,STOCK_UPDATED,69eaf64d120283789dc7cf5d,SUCCESS
2026-04-24T05:02:01.532Z,INVENTORY-SERVICE,ORDER_RECEIVED,69eaf949071732d35ac67897,SUCCESS
2026-04-24T05:11:11.356Z,INVENTORY-SERVICE,ORDER_RECEIVED,69eafb6f2a090a6f5d5ea2ee,SUCCESS
2026-04-24T05:23:33.269Z,INVENTORY-SERVICE,ORDER_RECEIVED,69eafe55a7c90500fe20f9fb,SUCCESS
2026-04-24T05:23:33.390Z,INVENTORY-SERVICE,STOCK_UPDATED,69eafe55a7c90500fe20f9fb,SUCCESS
2026-04-24T06:01:48.199Z,INVENTORY-SERVICE,ORDER_RECEIVED,69eb074c12dbab709009ef1a,SUCCESS
2026-04-24T06:01:48.295Z,INVENTORY-SERVICE,STOCK_UPDATED,69eb074c12dbab709009ef1a,SUCCESS
2026-04-24T06:05:29.934Z,INVENTORY-SERVICE,ORDER_RECEIVED,69eb07ec12dbab709009ef49,SUCCESS
2026-04-24T06:19:09.885Z,INVENTORY-SERVICE,ORDER_RECEIVED,69eb0b5d14558b34a7c7a586,SUCCESS
2026-04-24T06:19:09.994Z,INVENTORY-SERVICE,STOCK_UPDATED,69eb0b5d14558b34a7c7a586,SUCCESS
2026-04-24T06:24:41.143Z,INVENTORY-SERVICE,ORDER_RECEIVED,69eb0c7a14558b34a7c7a5b9,SUCCESS
2026-04-24T06:24:41.184Z,INVENTORY-SERVICE,STOCK_UPDATED,69eb0c7a14558b34a7c7a5b9,SUCCESS
2026-04-24T06:41:01.300Z,INVENTORY-SERVICE,ORDER_RECEIVED,69eb1012b0a0657b30dc70ae,SUCCESS
2026-04-24T06:41:01.335Z,INVENTORY-SERVICE,STOCK_UPDATED,69eb1012b0a0657b30dc70ae,SUCCESS
2026-04-24T06:44:06.818Z,INVENTORY-SERVICE,ORDER_RECEIVED,69eb10d5b0a0657b30dc70e5,SUCCESS
2026-04-24T06:44:06.846Z,INVENTORY-SERVICE,STOCK_UPDATED,69eb10d5b0a0657b30dc70e5,SUCCESS
2026-04-24T06:51:42.698Z,INVENTORY-SERVICE,ORDER_RECEIVED,69eb11ff54c68d391f2d86b0,SUCCESS
2026-04-24T06:51:42.728Z,INVENTORY-SERVICE,STOCK_UPDATED,69eb11ff54c68d391f2d86b0,SUCCESS
